annabelw,2023-01-01,16:37:23,1
annabelw,2023-01-01,17:57:23,2
annabelw,2023-01-01,18:57:23,1
annabelw,2023-01-02,02:57:23,2
annabelw,2023-01-02,13:05:23,1
annabelw,2023-01-02,19:57:23,2
annabelw,2023-01-03,12:34:23,1
annabelw,2023-01-03,23:57:23,2
codswort,2023-01-01,11:37:23,1
codswort,2023-01-02,05:57:23,2
codswort,2023-01-02,11:57:23,1
codswort,2023-01-02,19:57:23,2
codswort,2023-01-03,11:05:23,1
codswort,2023-01-03,18:57:23,2
codswort,2023-01-04,11:34:23,1
codswort,2023-01-04,20:57:23,2
edwinevi,2023-01-01,13:37:23,1
edwinevi,2023-01-01,22:57:23,2
edwinevi,2023-01-02,10:57:23,1
edwinevi,2023-01-02,23:57:23,2
edwinevi,2023-01-03,11:05:23,1
edwinevi,2023-01-03,21:40:23,2
edwinevi,2023-01-04,10:34:23,1
edwinevi,2023-01-04,22:30:23,2
thracebe,2023-01-01,14:37:23,1
thracebe,2023-01-01,23:57:23,2
thracebe,2023-01-02,13:57:23,1
thracebe,2023-01-02,22:57:23,2
thracebe,2023-01-03,15:05:23,1
thracebe,2023-01-03,21:57:23,2
thracebe,2023-01-04,15:34:23,1
thracebe,2023-01-04,23:57:23,2
nancieco,2023-01-01,14:37:23,1
nancieco,2023-01-01,15:57:23,2
nancieco,2023-01-02,19:57:23,1
nancieco,2023-01-02,21:57:23,2
nancieco,2023-01-03,18:05:23,1
nancieco,2023-01-03,19:57:23,2
nancieco,2023-01-04,13:34:23,1
nancieco,2023-01-04,16:57:23,2
quayleco,2023-01-01,07:37:23,1
quayleco,2023-01-01,17:57:23,2
quayleco,2023-01-01,08:57:23,1
quayleco,2023-01-01,18:57:23,2
quayleco,2023-01-02,09:05:23,1
quayleco,2023-01-02,17:57:23,2
quayleco,2023-01-03,13:34:23,1
quayleco,2023-01-03,23:57:23,2
quayleco,2023-04-05,13:34:23,1
quayleco,2023-04-05,13:43:23,2
quayleco,2023-04-06,11:34:23,1
quayleco,2023-04-05,13:43:23,2
codswort,2023-05-05,13:34:23,1
codswort,2023-05-05,17:34:23,2
codswort,2023-05-06,13:34:23,1
codswort,2023-05-06,17:34:23,2
codswort,2023-05-07,11:34:23,1
codswort,2023-05-07,12:34:23,2
